cdmTableName,cdmFieldName,conceptId,conceptName,unitConceptId,unitConceptName,plausibleValueLow,plausibleValueHigh,plausibleGender,isTemporallyConstant,validPrevalenceLow,validPrevalenceHigh
MEASUREMENT,MEASUREMENT_CONCEPT_ID,3004410,Hemoglobin A1c/Hemoglobin.total in Blood,8554,percent,4,15,,Yes,,
MEASUREMENT,MEASUREMENT_CONCEPT_ID,3036277,Body height,8582,centimeter,1,272,,Yes,,
MEASUREMENT,MEASUREMENT_CONCEPT_ID,3016723,Creatinine [Mass/volume] in Serum or Plasma,8840,milligram per deciliter,0.1,10,,Yes,,
MEASUREMENT,MEASUREMENT_CONCEPT_ID,3004249,Systolic blood pressure,8876,millimeter mercury column,60,300,,Yes,,
MEASUREMENT,MEASUREMENT_CONCEPT_ID,3012888,Diastolic blood pressure,8876,millimeter mercury column,30,200,,Yes,,
MEASUREMENT,MEASUREMENT_CONCEPT_ID,3025315,Body weight,9529,kilogram,1,635,,Yes,,
MEASUREMENT,MEASUREMENT_CONCEPT_ID,3038553,Body mass index (BMI) [Ratio],9531,kilogram per square meter,10,80,,Yes,,
CONDITION_OCCURRENCE,CONDITION_CONCEPT_ID,26662,Testicular hypofunction,,,,,Male,,,
CONDITION_OCCURRENCE,CONDITION_CONCEPT_ID,26935,Disorder of endocrine testis,,,,,Male,,,
CONDITION_OCCURRENCE,CONDITION_CONCEPT_ID,30969,Testicular hyperfunction,,,,,Male,,,
CONDITION_OCCURRENCE,CONDITION_CONCEPT_ID,73801,Scrotal varices,,,,,Male,,,
CONDITION_OCCURRENCE,CONDITION_CONCEPT_ID,74322,Benign neoplasm of scrotum,,,,,Male,,,
CONDITION_OCCURRENCE,CONDITION_CONCEPT_ID,78193,Orchitis and epididymitis,,,,,Male,,,
CONDITION_OCCURRENCE,CONDITION_CONCEPT_ID,79758,Primary malignant neoplasm of scrotum,,,,,Male,,,
CONDITION_OCCURRENCE,CONDITION_CONCEPT_ID,141917,Balanitis xerotica obliterans,,,,,Male,,,
CONDITION_OCCURRENCE,CONDITION_CONCEPT_ID,192367,Dysplasia of cervix,,,,,Female,,,
CONDITION_OCCURRENCE,CONDITION_CONCEPT_ID,192676,Cervical intraepithelial neoplasia grade 1,,,,,Female,,,
CONDITION_OCCURRENCE,CONDITION_CONCEPT_ID,192683,Uterovaginal prolapse,,,,,Female,,,
CONDITION_OCCURRENCE,CONDITION_CONCEPT_ID,192854,Intramural leiomyoma of uterus,,,,,Female,,,
CONDITION_OCCURRENCE,CONDITION_CONCEPT_ID,192858,Ovarian hyperfunction,,,,,Female,,,
CONDITION_OCCURRENCE,CONDITION_CONCEPT_ID,193254,Disorder of vagina,,,,,Female,,,
CONDITION_OCCURRENCE,CONDITION_CONCEPT_ID,193261,Vaginospasm,,,,,Female,,,
CONDITION_OCCURRENCE,CONDITION_CONCEPT_ID,193262,Inflammatory disorder of penis,,,,,Male,,,
CONDITION_OCCURRENCE,CONDITION_CONCEPT_ID,193277,Deliveries by cesarean,,,,,Female,,,
CONDITION_OCCURRENCE,CONDITION_CONCEPT_ID,193437,Neoplasm of uncertain behavior of female genital organ,,,,,Female,,,
CONDITION_OCCURRENCE,CONDITION_CONCEPT_ID,193439,Benign neoplasm of body of uterus,,,,,Female,,,
CONDITION_OCCURRENCE,CONDITION_CONCEPT_ID,193522,Acute prostatitis,,,,,Male,,,
CONDITION_OCCURRENCE,CONDITION_CONCEPT_ID,193530,Follicular cyst of ovary,,,,,Female,,,
CONDITION_OCCURRENCE,CONDITION_CONCEPT_ID,193739,Ovarian failure,,,,,Female,,,
CONDITION_OCCURRENCE,CONDITION_CONCEPT_ID,193818,Calculus of prostate,,,,,Male,,,
CONDITION_OCCURRENCE,CONDITION_CONCEPT_ID,194092,Uterine prolapse without vaginal wall prolapse,,,,,Female,,,
CONDITION_OCCURRENCE,CONDITION_CONCEPT_ID,194286,"Malignant neoplasm of corpus uteri, excluding isthmus",,,,,Female,,,
CONDITION_OCCURRENCE,CONDITION_CONCEPT_ID,194412,Dysplasia of vagina,,,,,Female,,,
CONDITION_OCCURRENCE,CONDITION_CONCEPT_ID,194420,Endometriosis of fallopian tube,,,,,Female,,,
CONDITION_OCCURRENCE,CONDITION_CONCEPT_ID,194611,Carcinoma in situ of uterine cervix,,,,,Female,,,
CONDITION_OCCURRENCE,CONDITION_CONCEPT_ID,194696,Dysmenorrhea,,,,,Female,,,
CONDITION_OCCURRENCE,CONDITION_CONCEPT_ID,194871,Trichomonal vulvovaginitis,,,,,Female,,,
CONDITION_OCCURRENCE,CONDITION_CONCEPT_ID,194997,Prostatitis,,,,,Male,,,
CONDITION_OCCURRENCE,CONDITION_CONCEPT_ID,195009,Leukoplakia of penis,,,,,Male,,,
CONDITION_OCCURRENCE,CONDITION_CONCEPT_ID,195012,Intermenstrual bleeding - irregular,,,,,Female,,,
CONDITION_OCCURRENCE,CONDITION_CONCEPT_ID,195197,Primary malignant neoplasm of vulva,,,,,Female,,,
CONDITION_OCCURRENCE,CONDITION_CONCEPT_ID,195316,Atypical endometrial hyperplasia,,,,,Female,,,
CONDITION_OCCURRENCE,CONDITION_CONCEPT_ID,195321,Postmenopausal bleeding,,,,,Female,,,
CONDITION_OCCURRENCE,CONDITION_CONCEPT_ID,195483,Primary malignant neoplasm of penis,,,,,Male,,,
CONDITION_OCCURRENCE,CONDITION_CONCEPT_ID,195500,Benign neoplasm of uterus,,,,,Female,,,
CONDITION_OCCURRENCE,CONDITION_CONCEPT_ID,195501,Polycystic ovaries,,,,,Female,,,
CONDITION_OCCURRENCE,CONDITION_CONCEPT_ID,195683,Open wound of penis without complication,,,,,Male,,,
CONDITION_OCCURRENCE,CONDITION_CONCEPT_ID,195769,Submucous leiomyoma of uterus,,,,,Female,,,
CONDITION_OCCURRENCE,CONDITION_CONCEPT_ID,195770,Subserous leiomyoma of uterus,,,,,Female,,,
CONDITION_OCCURRENCE,CONDITION_CONCEPT_ID,195793,Neoplasm of uncertain behavior of uterus,,,,,Female,,,
CONDITION_OCCURRENCE,CONDITION_CONCEPT_ID,195867,Noninflammatory disorder of the vagina,,,,,Female,,,
CONDITION_OCCURRENCE,CONDITION_CONCEPT_ID,195873,Leukorrhea,,,,,Female,,,
CONDITION_OCCURRENCE,CONDITION_CONCEPT_ID,196048,Primary malignant neoplasm of vagina,,,,,Female,,,
CONDITION_OCCURRENCE,CONDITION_CONCEPT_ID,196051,Overlapping malignant neoplasm of female genital organs,,,,,Female,,,
CONDITION_OCCURRENCE,CONDITION_CONCEPT_ID,196068,Carcinoma in situ of male genital organ,,,,,Male,,,
CONDITION_OCCURRENCE,CONDITION_CONCEPT_ID,196157,Induratio penis plastica,,,,,Male,,,
CONDITION_OCCURRENCE,CONDITION_CONCEPT_ID,196158,Disorder of penis,,,,,Male,,,
CONDITION_OCCURRENCE,CONDITION_CONCEPT_ID,196163,Cervicitis and endocervicitis,,,,,Female,,,
CONDITION_OCCURRENCE,CONDITION_CONCEPT_ID,196165,Cervical intraepithelial neoplasia grade 2,,,,,Female,,,
CONDITION_OCCURRENCE,CONDITION_CONCEPT_ID,196168,Irregular periods,,,,,Female,,,
CONDITION_OCCURRENCE,CONDITION_CONCEPT_ID,196359,Primary malignant neoplasm of uterine cervix,,,,,Female,,,
CONDITION_OCCURRENCE,CONDITION_CONCEPT_ID,196364,Benign neoplasm of uterine cervix,,,,,Female,,,
CONDITION_OCCURRENCE,CONDITION_CONCEPT_ID,196473,Hypertrophy of uterus,,,,,Female,,,
CONDITION_OCCURRENCE,CONDITION_CONCEPT_ID,196734,Disorder of prostate,,,,,Male,,,
CONDITION_OCCURRENCE,CONDITION_CONCEPT_ID,196738,Disorder of male genital organ,,,,,Male,,,
CONDITION_OCCURRENCE,CONDITION_CONCEPT_ID,196758,Tumor of body of uterus affecting pregnancy,,,,,Female,,,
CONDITION_OCCURRENCE,CONDITION_CONCEPT_ID,197032,Hyperplasia of prostate,,,,,Male,,,
CONDITION_OCCURRENCE,CONDITION_CONCEPT_ID,197039,Male genital organ vascular diseases,,,,,Male,,,
CONDITION_OCCURRENCE,CONDITION_CONCEPT_ID,197044,Female infertility associated with anovulation,,,,,Female,,,
CONDITION_OCCURRENCE,CONDITION_CONCEPT_ID,197236,Uterine leiomyoma,,,,,Female,,,
CONDITION_OCCURRENCE,CONDITION_CONCEPT_ID,197237,Benign neoplasm of prostate,,,,,Male,,,
CONDITION_OCCURRENCE,CONDITION_CONCEPT_ID,197507,Primary malignant neoplasm of male genital organ,,,,,Male,,,
CONDITION_OCCURRENCE,CONDITION_CONCEPT_ID,197601,Spermatocele,,,,,Male,,,
CONDITION_OCCURRENCE,CONDITION_CONCEPT_ID,197605,Inflammatory disorder of male genital organ,,,,,Male,,,
CONDITION_OCCURRENCE,CONDITION_CONCEPT_ID,197606,Female infertility of tubal origin,,,,,Female,,,
CONDITION_OCCURRENCE,CONDITION_CONCEPT_ID,197607,Excessive and frequent menstruation,,,,,Female,,,
CONDITION_OCCURRENCE,CONDITION_CONCEPT_ID,197609,"Cervical, vaginal and vulval inflammatory diseases",,,,,Female,,,
CONDITION_OCCURRENCE,CONDITION_CONCEPT_ID,197610,Cyst of ovary,,,,,Female,,,
CONDITION_OCCURRENCE,CONDITION_CONCEPT_ID,197938,Uterine inertia,,,,,Female,,,
CONDITION_OCCURRENCE,CONDITION_CONCEPT_ID,198082,Overlapping malignant neoplasm of body of uterus,,,,,Female,,,
CONDITION_OCCURRENCE,CONDITION_CONCEPT_ID,198108,Benign neoplasm of fallopian tubes and uterine ligaments,,,,,Female,,,
CONDITION_OCCURRENCE,CONDITION_CONCEPT_ID,198194,Female genital organ symptoms,,,,,Female,,,
CONDITION_OCCURRENCE,CONDITION_CONCEPT_ID,198197,Male infertility,,,,,Male,,,
CONDITION_OCCURRENCE,CONDITION_CONCEPT_ID,198198,Polyp of vagina,,,,,Female,,,
CONDITION_OCCURRENCE,CONDITION_CONCEPT_ID,198202,Cystocele,,,,,Female,,,
CONDITION_OCCURRENCE,CONDITION_CONCEPT_ID,198212,Spotting per vagina in pregnancy,,,,,Female,,,
CONDITION_OCCURRENCE,CONDITION_CONCEPT_ID,198363,Candidiasis of vagina,,,,,Female,,,
CONDITION_OCCURRENCE,CONDITION_CONCEPT_ID,198471,Complex endometrial hyperplasia,,,,,Female,,,
CONDITION_OCCURRENCE,CONDITION_CONCEPT_ID,198483,Stricture or atresia of the vagina,,,,,Female,,,
CONDITION_OCCURRENCE,CONDITION_CONCEPT_ID,198803,Benign prostatic hyperplasia,,,,,Male,,,
CONDITION_OCCURRENCE,CONDITION_CONCEPT_ID,198806,Abscess of prostate,,,,,Male,,,
CONDITION_OCCURRENCE,CONDITION_CONCEPT_ID,199067,Female pelvic inflammatory disease,,,,,Female,,,
CONDITION_OCCURRENCE,CONDITION_CONCEPT_ID,199078,Vaginal wall prolapse,,,,,Female,,,
CONDITION_OCCURRENCE,CONDITION_CONCEPT_ID,199752,Secondary malignant neoplasm of ovary,,,,,Female,,,
CONDITION_OCCURRENCE,CONDITION_CONCEPT_ID,199764,Benign neoplasm of ovary,,,,,Female,,,
CONDITION_OCCURRENCE,CONDITION_CONCEPT_ID,199876,Prolapse of female genital organs,,,,,Female,,,
CONDITION_OCCURRENCE,CONDITION_CONCEPT_ID,199877,Mucous polyp of cervix,,,,,Female,,,
CONDITION_OCCURRENCE,CONDITION_CONCEPT_ID,199878,Light and infrequent menstruation,,,,,Female,,,
CONDITION_OCCURRENCE,CONDITION_CONCEPT_ID,199881,Endometriosis of ovary,,,,,Female,,,
CONDITION_OCCURRENCE,CONDITION_CONCEPT_ID,200051,Primary malignant neoplasm of ovary,,,,,Female,,,
CONDITION_OCCURRENCE,CONDITION_CONCEPT_ID,200052,Primary malignant neoplasm of uterine adnexa,,,,,Female,,,
CONDITION_OCCURRENCE,CONDITION_CONCEPT_ID,200147,Atrophy of prostate,,,,,Male,,,
CONDITION_OCCURRENCE,CONDITION_CONCEPT_ID,200445,Chronic prostatitis,,,,,Male,,,
CONDITION_OCCURRENCE,CONDITION_CONCEPT_ID,200452,Disorder of female genital organs,,,,,Female,,,
CONDITION_OCCURRENCE,CONDITION_CONCEPT_ID,200461,Endometriosis of uterus,,,,,Female,,,
CONDITION_OCCURRENCE,CONDITION_CONCEPT_ID,200670,Benign neoplasm of male genital organ,,,,,Male,,,
CONDITION_OCCURRENCE,CONDITION_CONCEPT_ID,200675,Neoplasm of uncertain behavior of ovary,,,,,Female,,,
CONDITION_OCCURRENCE,CONDITION_CONCEPT_ID,200775,Endometrial hyperplasia,,,,,Female,,,
CONDITION_OCCURRENCE,CONDITION_CONCEPT_ID,200779,Polyp of corpus uteri,,,,,Female,,,
CONDITION_OCCURRENCE,CONDITION_CONCEPT_ID,200780,Disorder of uterus,,,,,Female,,,
CONDITION_OCCURRENCE,CONDITION_CONCEPT_ID,200962,Primary malignant neoplasm of prostate,,,,,Male,,,
CONDITION_OCCURRENCE,CONDITION_CONCEPT_ID,200970,Carcinoma in situ of prostate,,,,,Male,,,
CONDITION_OCCURRENCE,CONDITION_CONCEPT_ID,201072,Benign prostatic hypertrophy without outflow obstruction,,,,,Male,,,
CONDITION_OCCURRENCE,CONDITION_CONCEPT_ID,201078,Atrophic vaginitis,,,,,Female,,,
CONDITION_OCCURRENCE,CONDITION_CONCEPT_ID,201211,Herpetic vulvovaginitis,,,,,Female,,,
CONDITION_OCCURRENCE,CONDITION_CONCEPT_ID,201238,Primary malignant neoplasm of female genital organ,,,,,Female,,,
CONDITION_OCCURRENCE,CONDITION_CONCEPT_ID,201244,Benign neoplasm of vagina,,,,,Female,,,
CONDITION_OCCURRENCE,CONDITION_CONCEPT_ID,201257,Disorder of endocrine ovary,,,,,Female,,,
CONDITION_OCCURRENCE,CONDITION_CONCEPT_ID,201346,Edema of penis,,,,,Male,,,
CONDITION_OCCURRENCE,CONDITION_CONCEPT_ID,201355,Erosion and ectropion of the cervix,,,,,Female,,,
CONDITION_OCCURRENCE,CONDITION_CONCEPT_ID,201527,Neoplasm of uncertain behavior of prostate,,,,,Male,,,
CONDITION_OCCURRENCE,CONDITION_CONCEPT_ID,201617,Prostatic cyst,,,,,Male,,,
CONDITION_OCCURRENCE,CONDITION_CONCEPT_ID,201625,Malposition of uterus,,,,,Female,,,
CONDITION_OCCURRENCE,CONDITION_CONCEPT_ID,201801,Primary malignant neoplasm of fallopian tube,,,,,Female,,,
CONDITION_OCCURRENCE,CONDITION_CONCEPT_ID,201817,Benign neoplasm of female genital organ,,,,,Female,,,
CONDITION_OCCURRENCE,CONDITION_CONCEPT_ID,201823,Benign neoplasm of penis,,,,,Male,,,
CONDITION_OCCURRENCE,CONDITION_CONCEPT_ID,201907,Edema of male genital organs,,,,,Male,,,
CONDITION_OCCURRENCE,CONDITION_CONCEPT_ID,201909,Female infertility,,,,,Female,,,
CONDITION_OCCURRENCE,CONDITION_CONCEPT_ID,201913,"Torsion of the ovary, ovarian pedicle or fallopian tube",,,,,Female,,,
CONDITION_OCCURRENCE,CONDITION_CONCEPT_ID,314409,Vascular disorder of penis,,,,,Male,,,
CONDITION_OCCURRENCE,CONDITION_CONCEPT_ID,315586,Priapism,,,,,Male,,,
CONDITION_OCCURRENCE,CONDITION_CONCEPT_ID,433716,Primary malignant neoplasm of testis,,,,,Male,,,
CONDITION_OCCURRENCE,CONDITION_CONCEPT_ID,434251,Injury of male external genital organs,,,,,Male,,,
CONDITION_OCCURRENCE,CONDITION_CONCEPT_ID,435315,Torsion of testis,,,,,Male,,,
CONDITION_OCCURRENCE,CONDITION_CONCEPT_ID,435648,Retractile testis,,,,,Male,,,
CONDITION_OCCURRENCE,CONDITION_CONCEPT_ID,436155,Redundant prepuce and phimosis,,,,,Male,,,
CONDITION_OCCURRENCE,CONDITION_CONCEPT_ID,436358,Primary malignant neoplasm of exocervix,,,,,Female,,,
CONDITION_OCCURRENCE,CONDITION_CONCEPT_ID,436366,Benign neoplasm of testis,,,,,Male,,,
CONDITION_OCCURRENCE,CONDITION_CONCEPT_ID,436466,Balanoposthitis,,,,,Male,,,
CONDITION_OCCURRENCE,CONDITION_CONCEPT_ID,437501,Primary malignant neoplasm of labia majora,,,,,Female,,,
CONDITION_OCCURRENCE,CONDITION_CONCEPT_ID,437655,Undescended testicle,,,,,Male,,,
CONDITION_OCCURRENCE,CONDITION_CONCEPT_ID,438477,Atrophy of testis,,,,,Male,,,
CONDITION_OCCURRENCE,CONDITION_CONCEPT_ID,439871,Hemospermia,,,,,Male,,,
CONDITION_OCCURRENCE,CONDITION_CONCEPT_ID,440971,Neoplasm of uncertain behavior of testis,,,,,Male,,,
CONDITION_OCCURRENCE,CONDITION_CONCEPT_ID,441068,Torsion of appendix of testis,,,,,Male,,,
CONDITION_OCCURRENCE,CONDITION_CONCEPT_ID,441077,Stenosis of cervix,,,,,Female,,,
CONDITION_OCCURRENCE,CONDITION_CONCEPT_ID,441805,Primary malignant neoplasm of endocervix,,,,,Female,,,
CONDITION_OCCURRENCE,CONDITION_CONCEPT_ID,442781,Disorder of uterine cervix,,,,,Female,,,
CONDITION_OCCURRENCE,CONDITION_CONCEPT_ID,443211,Benign prostatic hypertrophy with outflow obstruction,,,,,Male,,,
CONDITION_OCCURRENCE,CONDITION_CONCEPT_ID,443435,Primary uterine inertia,,,,,Female,,,
CONDITION_OCCURRENCE,CONDITION_CONCEPT_ID,443800,Amenorrhea,,,,,Female,,,
CONDITION_OCCURRENCE,CONDITION_CONCEPT_ID,444078,Inflammation of cervix,,,,,Female,,,
CONDITION_OCCURRENCE,CONDITION_CONCEPT_ID,444106,Candidiasis of vulva,,,,,Female,,,
PROCEDURE_OCCURRENCE,PROCEDURE_CONCEPT_ID,2003947,Closed [percutaneous] [needle] biopsy of prostate,,,,,Male,,,
PROCEDURE_OCCURRENCE,PROCEDURE_CONCEPT_ID,2003966,Other transurethral prostatectomy,,,,,Male,,,
PROCEDURE_OCCURRENCE,PROCEDURE_CONCEPT_ID,2003983,Other prostatectomy,,,,,Male,,,
PROCEDURE_OCCURRENCE,PROCEDURE_CONCEPT_ID,2004031,Other repair of scrotum and tunica vaginalis,,,,,Male,,,
PROCEDURE_OCCURRENCE,PROCEDURE_CONCEPT_ID,2004063,Unilateral orchiectomy,,,,,Male,,,
PROCEDURE_OCCURRENCE,PROCEDURE_CONCEPT_ID,2004070,Other repair of testis,,,,,Male,,,
PROCEDURE_OCCURRENCE,PROCEDURE_CONCEPT_ID,2004090,Excision of varicocele and hydrocele of spermatic cord,,,,,Male,,,
PROCEDURE_OCCURRENCE,PROCEDURE_CONCEPT_ID,2004164,Local excision or destruction of lesion of penis,,,,,Male,,,
PROCEDURE_OCCURRENCE,PROCEDURE_CONCEPT_ID,2004263,Other removal of both ovaries and tubes at same operative episode,,,,,Female,,,
PROCEDURE_OCCURRENCE,PROCEDURE_CONCEPT_ID,2004329,Other bilateral destruction or occlusion of fallopian tubes,,,,,Female,,,
PROCEDURE_OCCURRENCE,PROCEDURE_CONCEPT_ID,2004342,Removal of both fallopian tubes at same operative episode,,,,,Female,,,
PROCEDURE_OCCURRENCE,PROCEDURE_CONCEPT_ID,2004443,Closed biopsy of uterus,,,,,Female,,,
PROCEDURE_OCCURRENCE,PROCEDURE_CONCEPT_ID,2004627,Vaginal suspension and fixation,,,,,Female,,,
PROCEDURE_OCCURRENCE,PROCEDURE_CONCEPT_ID,2109825,"Transurethral electrosurgical resection of prostate, including control of postoperative bleeding, complete (vasectomy, meatotomy, cystourethroscopy, urethral calibration and/or dilation, and internal urethrotomy are included)",,,,,Male,,,
PROCEDURE_OCCURRENCE,PROCEDURE_CONCEPT_ID,2109833,"Laser vaporization of prostate, including control of postoperative bleeding, complete (vasectomy, meatotomy, cystourethroscopy, urethral calibration and/or dilation, internal urethrotomy and transurethral resection of prostate are included if performed)",,,,,Male,,,
PROCEDURE_OCCURRENCE,PROCEDURE_CONCEPT_ID,2109900,"Destruction of lesion(s), penis (eg, condyloma, papilloma, molluscum contagiosum, herpetic vesicle), simple; chemical",,,,,Male,,,
PROCEDURE_OCCURRENCE,PROCEDURE_CONCEPT_ID,2109902,"Destruction of lesion(s), penis (eg, condyloma, papilloma, molluscum contagiosum, herpetic vesicle), simple; cryosurgery",,,,,Male,,,
PROCEDURE_OCCURRENCE,PROCEDURE_CONCEPT_ID,2109905,"Destruction of lesion(s), penis (eg, condyloma, papilloma, molluscum contagiosum, herpetic vesicle), extensive (eg, laser surgery, electrosurgery, cryosurgery, chemosurgery)",,,,,Male,,,
PROCEDURE_OCCURRENCE,PROCEDURE_CONCEPT_ID,2109906,Biopsy of penis, (separate procedure),,,,,Male,,
PROCEDURE_OCCURRENCE,PROCEDURE_CONCEPT_ID,2109916,"Circumcision, using clamp or other device with regional dorsal penile or ring block",,,,,Male,,,
PROCEDURE_OCCURRENCE,PROCEDURE_CONCEPT_ID,2109968,Foreskin manipulation including lysis of preputial adhesions and stretching,,,,,Male,,,
PROCEDURE_OCCURRENCE,PROCEDURE_CONCEPT_ID,2109973,"Orchiectomy, simple (including subcapsular), with or without testicular prosthesis, scrotal or inguinal approach",,,,,Male,,,
PROCEDURE_OCCURRENCE,PROCEDURE_CONCEPT_ID,2109981,"Orchiopexy, inguinal approach, with or without hernia repair",,,,,Male,,,
PROCEDURE_OCCURRENCE,PROCEDURE_CONCEPT_ID,2110004,Drainage of scrotal wall abscess,,,,,Male,,,
PROCEDURE_OCCURRENCE,PROCEDURE_CONCEPT_ID,2110011,"Vasectomy, unilateral or bilateral (separate procedure), including postoperative semen examination(s)",,,,,Male,,,
PROCEDURE_OCCURRENCE,PROCEDURE_CONCEPT_ID,2110026,"Biopsy, prostate; needle or punch, single or multiple, any approach",,,,,Male,,,
PROCEDURE_OCCURRENCE,PROCEDURE_CONCEPT_ID,2110039,"Prostatectomy, retropubic radical, with or without nerve sparing; with bilateral pelvic lymphadenectomy, including external iliac, hypogastric, and obturator nodes",,,,,Male,,,
PROCEDURE_OCCURRENCE,PROCEDURE_CONCEPT_ID,2110044,"Laparoscopy, surgical prostatectomy, retropubic radical, including nerve sparing, includes robotic assistance, when performed",,,,,Male,,,
PROCEDURE_OCCURRENCE,PROCEDURE_CONCEPT_ID,2110078,Colposcopy of the vulva,,,,,Female,,,
PROCEDURE_OCCURRENCE,PROCEDURE_CONCEPT_ID,2110116,"Colpopexy, vaginal; extra-peritoneal approach (sacrospinous, iliococcygeus)",,,,,Female,,,
PROCEDURE_OCCURRENCE,PROCEDURE_CONCEPT_ID,2110142,"Laparoscopy, surgical, colpopexy (suspension of vaginal apex)",,,,,Female,,,
PROCEDURE_OCCURRENCE,PROCEDURE_CONCEPT_ID,2110144,Colposcopy of the cervix including upper/adjacent vagina, with biopsy(s) of the cervix and endocervical curettage,,,,,Female,,
PROCEDURE_OCCURRENCE,PROCEDURE_CONCEPT_ID,2110169,"Endometrial sampling (biopsy) with or without endocervical sampling (biopsy), without cervical dilation, any method (separate procedure)",,,,,Female,,,
PROCEDURE_OCCURRENCE,PROCEDURE_CONCEPT_ID,2110175,"Total abdominal hysterectomy (corpus and cervix), with or without removal of tube(s), with or without removal of ovary(s)",,,,,Female,,,
PROCEDURE_OCCURRENCE,PROCEDURE_CONCEPT_ID,2110194,Insertion of intrauterine device (IUD),,,,,Female,,,
PROCEDURE_OCCURRENCE,PROCEDURE_CONCEPT_ID,2110195,Removal of intrauterine device (IUD),,,,,Female,,,
PROCEDURE_OCCURRENCE,PROCEDURE_CONCEPT_ID,2110203,"Endometrial ablation, thermal, without hysteroscopic guidance",,,,,Female,,,
PROCEDURE_OCCURRENCE,PROCEDURE_CONCEPT_ID,2110222,"Hysteroscopy, surgical; with sampling (biopsy) of endometrium and/or polypectomy, with or without D & C",,,,,Female,,,
PROCEDURE_OCCURRENCE,PROCEDURE_CONCEPT_ID,2110227,"Hysteroscopy, surgical; with endometrial ablation (eg, endometrial resection, electrosurgical ablation, thermoablation)",,,,,Female,,,
PROCEDURE_OCCURRENCE,PROCEDURE_CONCEPT_ID,2110230,"Laparoscopy, surgical, with total hysterectomy, for uterus 250 g or less; with removal of tube(s) and/or ovary(s)",,,,,Female,,,
PROCEDURE_OCCURRENCE,PROCEDURE_CONCEPT_ID,2110307,"Routine obstetric care including antepartum care, vaginal delivery (with or without episiotomy, and/or forceps) and postpartum care",,,,,Female,,,
PROCEDURE_OCCURRENCE,PROCEDURE_CONCEPT_ID,2110315,"Routine obstetric care including antepartum care, cesarean delivery, and postpartum care",,,,,Female,,,
PROCEDURE_OCCURRENCE,PROCEDURE_CONCEPT_ID,2110316,Cesarean delivery only,,,,,Female,,,
PROCEDURE_OCCURRENCE,PROCEDURE_CONCEPT_ID,2110317,Cesarean delivery only, including postpartum care,,,,,Female,,
PROCEDURE_OCCURRENCE,PROCEDURE_CONCEPT_ID,2110326,"Treatment of missed abortion, completed surgically; first trimester",,,,,Female,,,
PROCEDURE_OCCURRENCE,PROCEDURE_CONCEPT_ID,2211747,"Ultrasound, pregnant uterus, real time with image documentation, fetal and maternal evaluation, first trimester (< 14 weeks 0 days), transabdominal approach; single or first gestation",,,,,Female,,,
PROCEDURE_OCCURRENCE,PROCEDURE_CONCEPT_ID,2211749,"Ultrasound, pregnant uterus, real time with image documentation, fetal and maternal evaluation, after first trimester (> or = 14 weeks 0 days), transabdominal approach; single or first gestation",,,,,Female,,,
PROCEDURE_OCCURRENCE,PROCEDURE_CONCEPT_ID,2211751,"Ultrasound, pregnant uterus, real time with image documentation, fetal and maternal evaluation plus detailed fetal anatomic examination, transabdominal approach; single or first gestation",,,,,Female,,,
PROCEDURE_OCCURRENCE,PROCEDURE_CONCEPT_ID,2211753,"Ultrasound, pregnant uterus, real time with image documentation, first trimester fetal nuchal translucency measurement, transabdominal or transvaginal approach; single or first gestation",,,,,Female,,,
PROCEDURE_OCCURRENCE,PROCEDURE_CONCEPT_ID,2211755,"Ultrasound, pregnant uterus, real time with image documentation, limited (eg, fetal heart beat, placental location, fetal position and/or qualitative amniotic fluid volume), 1 or more fetuses",,,,,Female,,,
PROCEDURE_OCCURRENCE,PROCEDURE_CONCEPT_ID,2211756,"Ultrasound, pregnant uterus, real time with image documentation, follow-up (eg, re-evaluation of fetal size by measuring standard growth parameters and amniotic fluid volume, re-evaluation of organ system(s) suspected or confirmed to be abnormal on a prev",,,,,Female,,,
PROCEDURE_OCCURRENCE,PROCEDURE_CONCEPT_ID,2211757,"Ultrasound, pregnant uterus, real time with image documentation, transvaginal",,,,,Female,,,
PROCEDURE_OCCURRENCE,PROCEDURE_CONCEPT_ID,2211765,"Ultrasound, transvaginal",,,,,Female,,,
PROCEDURE_OCCURRENCE,PROCEDURE_CONCEPT_ID,2211769,"Ultrasound, scrotum and contents",,,,,Male,,,
PROCEDURE_OCCURRENCE,PROCEDURE_CONCEPT_ID,2617204,Cervical or vaginal cancer screening, pelvic and clinical breast examination,,,,,Female,,
PROCEDURE_OCCURRENCE,PROCEDURE_CONCEPT_ID,2721063,"Annual gynecological examination, new patient",,,,,Female,,,
PROCEDURE_OCCURRENCE,PROCEDURE_CONCEPT_ID,2721064,"Annual gynecological examination, established patient",,,,,Female,,,
PROCEDURE_OCCURRENCE,PROCEDURE_CONCEPT_ID,2780478,"Resection of Prostate, Percutaneous Endoscopic Approach",,,,,Male,,,
PROCEDURE_OCCURRENCE,PROCEDURE_CONCEPT_ID,2780523,"Resection of Prepuce, External Approach",,,,,Male,,,
CONDITION_OCCURRENCE,CONDITION_CONCEPT_ID,4005743,Female sterility,,,,,Female,,,
CONDITION_OCCURRENCE,CONDITION_CONCEPT_ID,4005933,"Hypospadias, penile",,,,,Male,,,
CONDITION_OCCURRENCE,CONDITION_CONCEPT_ID,4012343,Vaginal discharge symptom,,,,,Female,,,
CONDITION_OCCURRENCE,CONDITION_CONCEPT_ID,4016155,Prostatism,,,,,Male,,,
PROCEDURE_OCCURRENCE,PROCEDURE_CONCEPT_ID,4021531,Total abdominal hysterectomy,,,,,Female,,,
CONDITION_OCCURRENCE,CONDITION_CONCEPT_ID,4032594,Inflammation of scrotum,,,,,Male,,,
PROCEDURE_OCCURRENCE,PROCEDURE_CONCEPT_ID,4032622,Laparoscopic supracervical hysterectomy,,,,,Female,,,
PROCEDURE_OCCURRENCE,PROCEDURE_CONCEPT_ID,4038747,Obstetric examination,,,,,Female,,,
CONDITION_OCCURRENCE,CONDITION_CONCEPT_ID,4048225,Neoplasm of endometrium,,,,,Female,,,
CONDITION_OCCURRENCE,CONDITION_CONCEPT_ID,4050091,Open wound of penis,,,,,Male,,,
CONDITION_OCCURRENCE,CONDITION_CONCEPT_ID,4051956,Vulvovaginal disease,,,,,Female,,,
PROCEDURE_OCCURRENCE,PROCEDURE_CONCEPT_ID,4052532,Hysteroscopy,,,,,Female,,,
CONDITION_OCCURRENCE,CONDITION_CONCEPT_ID,4054550,Open wound of scrotum and testes,,,,,Male,,,
CONDITION_OCCURRENCE,CONDITION_CONCEPT_ID,4056903,Vaginitis associated with another disorder,,,,,Female,,,
PROCEDURE_OCCURRENCE,PROCEDURE_CONCEPT_ID,4058792,Douche of vagina,,,,,Female,,,
CONDITION_OCCURRENCE,CONDITION_CONCEPT_ID,4060207,Vulval irritation,,,,,Female,,,
CONDITION_OCCURRENCE,CONDITION_CONCEPT_ID,4060556,"Uterine scar from previous surgery in pregnancy, childbirth and the puerperium",,,,,Female,,,
CONDITION_OCCURRENCE,CONDITION_CONCEPT_ID,4060558,"Uterine scar from previous surgery in pregnancy, childbirth and the puerperium - delivered",,,,,Female,,,
CONDITION_OCCURRENCE,CONDITION_CONCEPT_ID,4060559,"Uterine scar from previous surgery in pregnancy, childbirth and the puerperium with antenatal problem",,,,,Female,,,
CONDITION_OCCURRENCE,CONDITION_CONCEPT_ID,4061050,Subacute and chronic vaginitis,,,,,Female,,,
CONDITION_OCCURRENCE,CONDITION_CONCEPT_ID,4071874,Pain in scrotum,,,,,Male,,,
PROCEDURE_OCCURRENCE,PROCEDURE_CONCEPT_ID,4073700,Transurethral laser prostatectomy,,,,,Male,,,
CONDITION_OCCURRENCE,CONDITION_CONCEPT_ID,4081648,Acute vaginitis,,,,,Female,,,
PROCEDURE_OCCURRENCE,PROCEDURE_CONCEPT_ID,4083772,Echography of scrotum and contents,,,,,Male,,,
CONDITION_OCCURRENCE,CONDITION_CONCEPT_ID,4090039,Penile arterial insufficiency,,,,,Male,,,
CONDITION_OCCURRENCE,CONDITION_CONCEPT_ID,4092515,"Malignant neoplasm, overlapping lesion of cervix uteri",,,,,Female,,,
CONDITION_OCCURRENCE,CONDITION_CONCEPT_ID,4093346,Large prostate,,,,,Male,,,
CONDITION_OCCURRENCE,CONDITION_CONCEPT_ID,4095940,Finding of pattern of menstrual cycle,,,,,Female,,,
PROCEDURE_OCCURRENCE,PROCEDURE_CONCEPT_ID,4096783,Radical prostatectomy,,,,,Male,,,
CONDITION_OCCURRENCE,CONDITION_CONCEPT_ID,4109081,Pain in penis,,,,,Male,,,
PROCEDURE_OCCURRENCE,PROCEDURE_CONCEPT_ID,4127886,Hysterectomy,,,,,Female,,,
CONDITION_OCCURRENCE,CONDITION_CONCEPT_ID,4128329,Menopause present,,,,,Female,,,
CONDITION_OCCURRENCE,CONDITION_CONCEPT_ID,4129155,Vaginal bleeding,,,,,Female,,,
PROCEDURE_OCCURRENCE,PROCEDURE_CONCEPT_ID,4138738,Vaginal hysterectomy,,,,,Female,,,
CONDITION_OCCURRENCE,CONDITION_CONCEPT_ID,4140828,Acute vulvitis,,,,,Female,,,
PROCEDURE_OCCURRENCE,PROCEDURE_CONCEPT_ID,4141940,Endometrial ablation,,,,,Female,,,
CONDITION_OCCURRENCE,CONDITION_CONCEPT_ID,4143116,Azoospermia,,,,,Male,,,
PROCEDURE_OCCURRENCE,PROCEDURE_CONCEPT_ID,4146777,Radical abdominal hysterectomy,,,,,Female,,,
CONDITION_OCCURRENCE,CONDITION_CONCEPT_ID,4147021,"Contusion, scrotum or testis",,,,,Male,,,
CONDITION_OCCURRENCE,CONDITION_CONCEPT_ID,4149084,Vaginitis,,,,,Female,,,
CONDITION_OCCURRENCE,CONDITION_CONCEPT_ID,4150042,Vaginal ulcer,,,,,Female,,,
CONDITION_OCCURRENCE,CONDITION_CONCEPT_ID,4150816,Bicornuate uterus,,,,,Female,,,
CONDITION_OCCURRENCE,CONDITION_CONCEPT_ID,4155529,Mechanical complication of intrauterine contraceptive device,,,,,Female,,,
CONDITION_OCCURRENCE,CONDITION_CONCEPT_ID,4156113,Malignant neoplasm of body of uterus,,,,,Female,,,
PROCEDURE_OCCURRENCE,PROCEDURE_CONCEPT_ID,4161944,Low cervical cesarean section,,,,,Female,,,
CONDITION_OCCURRENCE,CONDITION_CONCEPT_ID,4162860,Primary malignant neoplasm of body of uterus,,,,,Female,,,
CONDITION_OCCURRENCE,CONDITION_CONCEPT_ID,4163261,Malignant tumor of prostate,,,,,Male,,,
CONDITION_OCCURRENCE,CONDITION_CONCEPT_ID,4171394,Abnormal menstrual cycle,,,,,Female,,,
CONDITION_OCCURRENCE,CONDITION_CONCEPT_ID,4171915,Orchitis,,,,,Male,,,
CONDITION_OCCURRENCE,CONDITION_CONCEPT_ID,4180978,Vulvovaginitis,,,,,Female,,,
PROCEDURE_OCCURRENCE,PROCEDURE_CONCEPT_ID,4181912,Cone biopsy of cervix,,,,,Female,,,
CONDITION_OCCURRENCE,CONDITION_CONCEPT_ID,4194652,Pruritus of vulva,,,,,Female,,,
CONDITION_OCCURRENCE,CONDITION_CONCEPT_ID,4199600,Candidal balanitis,,,,,Male,,,
PROCEDURE_OCCURRENCE,PROCEDURE_CONCEPT_ID,4234536,Transurethral prostatectomy,,,,,Male,,,
CONDITION_OCCURRENCE,CONDITION_CONCEPT_ID,4235215,Swelling of testicle,,,,,Male,,,
PROCEDURE_OCCURRENCE,PROCEDURE_CONCEPT_ID,4238715,Removal of intrauterine device,,,,,Female,,,
PROCEDURE_OCCURRENCE,PROCEDURE_CONCEPT_ID,4243919,Incision of ovary,,,,,Female,,,
CONDITION_OCCURRENCE,CONDITION_CONCEPT_ID,4260520,Balanitis,,,,,Male,,,
CONDITION_OCCURRENCE,CONDITION_CONCEPT_ID,4270932,Pain in testicle,,,,,Male,,,
PROCEDURE_OCCURRENCE,PROCEDURE_CONCEPT_ID,4275113,Insertion of intrauterine contraceptive device,,,,,Female,,,
CONDITION_OCCURRENCE,CONDITION_CONCEPT_ID,4279913,Primary ovarian failure,,,,,Female,,,
CONDITION_OCCURRENCE,CONDITION_CONCEPT_ID,4281030,Secondary malignant neoplasm of right ovary,,,,,Female,,,
CONDITION_OCCURRENCE,CONDITION_CONCEPT_ID,4294393,Ulcer of penis,,,,,Male,,,
PROCEDURE_OCCURRENCE,PROCEDURE_CONCEPT_ID,4294805,Laparoscopic-assisted vaginal hysterectomy,,,,,Female,,,
CONDITION_OCCURRENCE,CONDITION_CONCEPT_ID,4295261,Postmenopausal state,,,,,Female,,,
CONDITION_OCCURRENCE,CONDITION_CONCEPT_ID,4303258,Bacterial vaginosis,,,,,Female,,,
PROCEDURE_OCCURRENCE,PROCEDURE_CONCEPT_ID,4306780,Gynecologic examination,,,,,Female,,,
PROCEDURE_OCCURRENCE,PROCEDURE_CONCEPT_ID,4310552,Orchidopexy,,,,,Male,,,
CONDITION_OCCURRENCE,CONDITION_CONCEPT_ID,4320332,Hydrocele of tunica vaginalis,,,,,Male,,,
PROCEDURE_OCCURRENCE,PROCEDURE_CONCEPT_ID,4321575,Lysis of penile adhesions,,,,,Male,,,
PROCEDURE_OCCURRENCE,PROCEDURE_CONCEPT_ID,4330583,Vasectomy,,,,,Male,,,
CONDITION_OCCURRENCE,CONDITION_CONCEPT_ID,4339088,Testicular mass,,,,,Male,,,
CONDITION_OCCURRENCE,CONDITION_CONCEPT_ID,40481080,Benign localized hyperplasia of prostate,,,,,Male,,,
CONDITION_OCCURRENCE,CONDITION_CONCEPT_ID,40482030,Dysplasia of prostate,,,,,Male,,,
CONDITION_OCCURRENCE,CONDITION_CONCEPT_ID,40482406,Low lying placenta,,,,,Female,,,
CONDITION_OCCURRENCE,CONDITION_CONCEPT_ID,40483613,Inflammatory disease of female genital structure,,,,,Female,,,
CONDITION_OCCURRENCE,CONDITION_CONCEPT_ID,40490888,Herniation of rectum into vagina,,,,,Female,,,
CONDITION_OCCURRENCE,CONDITION_CONCEPT_ID,42709954,Phimosis,,,,,Male,,,
CONDITION_OCCURRENCE,CONDITION_CONCEPT_ID,45757415,Benign endometrial hyperplasia,,,,,Female,,,
CONDITION_OCCURRENCE,CONDITION_CONCEPT_ID,45766654,Disorder of skin of penis,,,,,Male,,,
CONDITION_OCCURRENCE,CONDITION_CONCEPT_ID,45770892,Primary malignant neoplasm of uterus,,,,,Female,,,
CONDITION_OCCURRENCE,CONDITION_CONCEPT_ID,45772671,Nodular prostate without urinary obstruction,,,,,Male,,,
CONDITION,CONDITION_CONCEPT_ID,4006969,Acute respiratory disease,,,,,,Yes,0.1703,1
CONDITION,CONDITION_CONCEPT_ID,4134440,Visual system disorder,,,,,,Yes,0.1181,1
CONDITION,CONDITION_CONCEPT_ID,316866,Hypertensive disorder,,,,,,Yes,0.0913,0.8215
CONDITION,CONDITION_CONCEPT_ID,432867,Hyperlipidemia,,,,,,Yes,0.0712,0.6412
CONDITION,CONDITION_CONCEPT_ID,321588,Heart disease,,,,,,Yes,0.061,0.5491
CONDITION,CONDITION_CONCEPT_ID,80180,Osteoarthritis,,,,,,Yes,0.0584,0.5252
CONDITION,CONDITION_CONCEPT_ID,321052,Peripheral vascular disease,,,,,,Yes,0.0426,0.3832
CONDITION,CONDITION_CONCEPT_ID,81902,Urinary tract infectious disease,,,,,,Yes,0.0412,0.371
CONDITION,CONDITION_CONCEPT_ID,440383,Depressive disorder,,,,,,Yes,0.0392,0.3531
CONDITION,CONDITION_CONCEPT_ID,201820,Diabetes mellitus,,,,,,Yes,0.039,0.3514
CONDITION,CONDITION_CONCEPT_ID,433736,Obesity,,,,,,Yes,0.038,0.3422
CONDITION,CONDITION_CONCEPT_ID,318800,Gastroesophageal reflux disease,,,,,,Yes,0.0337,0.3033
CONDITION,CONDITION_CONCEPT_ID,443392,Malignant neoplastic disease,,,,,,Yes,0.0326,0.2932
CONDITION,CONDITION_CONCEPT_ID,255848,Pneumonia,,,,,,Yes,0.0218,0.1966
CONDITION,CONDITION_CONCEPT_ID,317576,Coronary arteriosclerosis,,,,,,Yes,0.0206,0.1852
CONDITION,CONDITION_CONCEPT_ID,4185932,Ischemic heart disease,,,,,,Yes,0.0201,0.1813
CONDITION,CONDITION_CONCEPT_ID,255573,Chronic obstructive lung disease,,,,,,Yes,0.0194,0.1742
CONDITION,CONDITION_CONCEPT_ID,4030518,Renal impairment,,,,,,Yes,0.0174,0.1568
CONDITION,CONDITION_CONCEPT_ID,316139,Heart failure,,,,,,Yes,0.0161,0.1452
CONDITION,CONDITION_CONCEPT_ID,381591,Cerebrovascular disease,,,,,,Yes,0.0142,0.1274
CONDITION,CONDITION_CONCEPT_ID,192671,Gastrointestinal hemorrhage,,,,,,Yes,0.0135,0.1219
CONDITION,CONDITION_CONCEPT_ID,313217,Atrial fibrillation,,,,,,Yes,0.0128,0.1155
CONDITION,CONDITION_CONCEPT_ID,4182210,Dementia,,,,,,Yes,0.0086,0.0773
CONDITION,CONDITION_CONCEPT_ID,444247,Venous thrombosis,,,,,,Yes,0.0082,0.0737
CONDITION,CONDITION_CONCEPT_ID,438409,Attention deficit hyperactivity disorder,,,,,,Yes,0.0078,0.0706
CONDITION,CONDITION_CONCEPT_ID,4279309,Substance abuse,,,,,,Yes,0.0063,0.0568
CONDITION,CONDITION_CONCEPT_ID,140168,Psoriasis,,,,,,Yes,0.0055,0.0494
CONDITION,CONDITION_CONCEPT_ID,4212540,Chronic liver disease,,,,,,Yes,0.0053,0.0476
CONDITION,CONDITION_CONCEPT_ID,200962,Primary malignant neoplasm of prostate,,,,,,Yes,0.0052,0.0471
CONDITION,CONDITION_CONCEPT_ID,4112853,Malignant tumor of breast,,,,,,Yes,0.0047,0.0421
CONDITION,CONDITION_CONCEPT_ID,80809,Rheumatoid arthritis,,,,,,Yes,0.0045,0.0405
CONDITION,CONDITION_CONCEPT_ID,4044013,Hematologic neoplasm,,,,,,Yes,0.0037,0.0331
CONDITION,CONDITION_CONCEPT_ID,4104000,Lesion of liver,,,,,,Yes,0.0029,0.0265
CONDITION,CONDITION_CONCEPT_ID,440417,Pulmonary embolism,,,,,,Yes,0.0024,0.022
CONDITION,CONDITION_CONCEPT_ID,435783,Schizophrenia,,,,,,Yes,0.0021,0.0186
CONDITION,CONDITION_CONCEPT_ID,443388,Malignant tumor of lung,,,,,,Yes,0.0021,0.0185
CONDITION,CONDITION_CONCEPT_ID,4180790,Malignant tumor of colon,,,,,,Yes,0.0019,0.0173
CONDITION,CONDITION_CONCEPT_ID,197494,Viral hepatitis C,,,,,,Yes,0.0017,0.0155
CONDITION,CONDITION_CONCEPT_ID,432571,Malignant lymphoma,,,,,,Yes,0.0016,0.0143
CONDITION,CONDITION_CONCEPT_ID,81893,Ulcerative colitis,,,,,,Yes,0.0014,0.0128
CONDITION,CONDITION_CONCEPT_ID,197508,Malignant tumor of urinary bladder,,,,,,Yes,0.0013,0.0113
CONDITION,CONDITION_CONCEPT_ID,201606,Crohn's disease,,,,,,Yes,0.0012,0.0112
CONDITION,CONDITION_CONCEPT_ID,40481902,Malignant neoplasm of anorectum,,,,,,Yes,0.001,0.0089
CONDITION,CONDITION_CONCEPT_ID,439727,Human immunodeficiency virus infection,,,,,,Yes,0.0006,0.0057
CONDITION,CONDITION_CONCEPT_ID,9201,Inpatient visit,,,,,,Yes,,
CONDITION,CONDITION_CONCEPT_ID,9202,Outpatient visit,,,,,,Yes,,
CONDITION,CONDITION_CONCEPT_ID,9203,ER visit,,,,,,Yes,,
